experiment_id,timestamp,run_id,image_name,image_size,image_dimensions,payload_size_bytes,method_name,color_channels,theoretical_capacity_bytes,capacity_utilization_ratio,success,error,processing_stages,actual_image_shape,image_size_bytes,actual_message_size,message_entropy,compressed_size_bytes,tree_size_bytes,total_payload_size,compression_ratio,compression_efficiency,encrypted_size_bytes,encryption_overhead,total_embedded_size,embedding_rate,psnr_db,mse,max_pixel_error,total_time,psnr_per_channel,psnr_std,message_integrity,bit_error_rate,character_accuracy
20260118_132628,2026-01-18T13:26:50.567037,lena_256_10_DWT_DCT_grayscale,lena,256,256x256,10,DWT_DCT_grayscale,1,7372,0.0013564839934888768,False,Decryption failed: Padding is incorrect.,"{'image_loading': 0.0, 'message_generation': 0.0, 'compression': 0.0, 'encryption': 0.1238868236541748, 'embedding': 0.12185859680175781, 'quality_analysis': 0.0027108192443847656, 'extraction': 0.01890110969543457}","(256, 256)",65536,10,3.121928094887362,5,448,457,0.02188183807439825,-44.7,528,103,560,0.008544921875,50.58049440625502,0.5688934326171875,4.0,0.38027143478393555,,,,,
20260118_132628,2026-01-18T13:26:50.947308,lena_256_25_DWT_DCT_grayscale,lena,256,256x256,25,DWT_DCT_grayscale,1,7372,0.003391209983722192,False,Decryption failed: Padding is incorrect.,"{'image_loading': 0.0, 'message_generation': 0.0, 'compression': 0.0, 'encryption': 0.10337996482849121, 'embedding': 0.04445910453796387, 'quality_analysis': 0.002783060073852539, 'extraction': 0.038632869720458984}","(256, 256)",65536,25,3.753269689515107,13,718,735,0.034013605442176874,-28.4,848,145,880,0.013427734375,47.86464615069348,1.063201904296875,4.0,0.28839850425720215,,,,,
20260118_132628,2026-01-18T13:26:51.235707,lena_256_50_DWT_DCT_grayscale,lena,256,256x256,50,DWT_DCT_grayscale,1,7372,0.006782419967444384,False,Decryption failed: Padding is incorrect.,"{'image_loading': 0.008092880249023438, 'message_generation': 0.0, 'compression': 0.0, 'encryption': 0.10266637802124023, 'embedding': 0.05335712432861328, 'quality_analysis': 0.0, 'extraction': 0.03246736526489258}","(256, 256)",65536,50,4.063144940981576,27,943,974,0.0513347022587269,-18.48,1136,194,1168,0.017822265625,46.43877897114332,1.4763946533203125,5.0,0.3022153377532959,,,,,
20260118_132628,2026-01-18T13:26:51.537922,lena_256_100_DWT_DCT_grayscale,lena,256,256x256,100,DWT_DCT_grayscale,1,7372,0.013564839934888768,False,Decryption failed: Padding is incorrect.,"{'image_loading': 0.008214950561523438, 'message_generation': 0.0, 'compression': 0.0, 'encryption': 0.10006093978881836, 'embedding': 0.05399131774902344, 'quality_analysis': 0.0, 'extraction': 0.04603147506713867}","(256, 256)",65536,100,4.172990526954634,54,1078,1136,0.0880281690140845,-10.36,1328,224,1360,0.020751953125,45.68107812404416,1.7578125,5.0,0.30828404426574707,,,,,
20260118_132628,2026-01-18T13:26:51.851627,lena_256_250_DWT_DCT_grayscale,lena,256,256x256,250,DWT_DCT_grayscale,1,7372,0.03391209983722192,False,Decryption failed: Padding is incorrect.,"{'image_loading': 0.0030508041381835938, 'message_generation': 0.0, 'compression': 0.0, 'encryption': 0.11559867858886719, 'embedding': 0.0698099136352539, 'quality_analysis': 0.0, 'extraction': 0.04844546318054199}","(256, 256)",65536,250,4.410014710941875,140,1393,1537,0.16265452179570591,-5.148,1824,319,1856,0.0283203125,44.23031239808879,2.454986572265625,8.0,0.3445470333099365,,,,,
20260118_132628,2026-01-18T13:26:52.196174,lena_256_500_DWT_DCT_grayscale,lena,256,256x256,500,DWT_DCT_grayscale,1,7372,0.06782419967444384,False,Decryption failed: Padding is incorrect.,"{'image_loading': 0.005300760269165039, 'message_generation': 0.0, 'compression': 0.0, 'encryption': 0.10982465744018555, 'embedding': 0.0749671459197998, 'quality_analysis': 0.0, 'extraction': 0.05994224548339844}","(256, 256)",65536,500,4.397582645859516,278,1395,1677,0.2981514609421586,-2.354,2032,387,2064,0.031494140625,43.69653584831348,2.7760467529296875,7.0,0.3578057289123535,,,,,
20260118_132628,2026-01-18T13:26:52.553980,lena_256_1000_DWT_DCT_grayscale,lena,256,256x256,1000,DWT_DCT_grayscale,1,7372,0.13564839934888767,False,Decryption failed: Padding is incorrect.,"{'image_loading': 0.004019975662231445, 'message_generation': 0.0, 'compression': 0.0, 'encryption': 0.10615897178649902, 'embedding': 0.08083629608154297, 'quality_analysis': 0.0, 'extraction': 0.07927703857421875}","(256, 256)",65536,1000,4.408307615031233,556,1398,1958,0.5107252298263534,-0.958,2480,554,2512,0.038330078125,42.715816362924805,3.4793548583984375,7.0,0.3821256160736084,,,,,
20260118_132628,2026-01-18T13:26:52.936105,lena_256_2500_DWT_DCT_grayscale,lena,256,256x256,2500,DWT_DCT_grayscale,1,7372,0.3391209983722192,False,Decryption failed: Padding is incorrect.,"{'image_loading': 0.005396604537963867, 'message_generation': 0.0, 'compression': 0.0020122528076171875, 'encryption': 0.1030426025390625, 'embedding': 0.21593618392944336, 'quality_analysis': 0.0, 'extraction': 0.10706138610839844}","(256, 256)",65536,2500,4.419990944489446,1391,1407,2802,0.8922198429693077,-0.12080000000000002,3776,1006,3808,0.05810546875,40.79874227443546,5.4101104736328125,9.0,0.5276033878326416,,,,,
20260118_132628,2026-01-18T13:26:53.463708,lena_256_5000_DWT_DCT_grayscale,lena,256,256x256,5000,DWT_DCT_grayscale,1,7372,0.6782419967444384,False,Decryption failed: Padding is incorrect.,"{'image_loading': 0.011106014251708984, 'message_generation': 0.0, 'compression': 0.0038182735443115234, 'encryption': 0.09386587142944336, 'embedding': 0.1768474578857422, 'quality_analysis': 0.0, 'extraction': 0.14687323570251465}","(256, 256)",65536,5000,4.420564542645487,2780,1419,4203,1.1896264572924102,0.1594,5920,1749,5952,0.0908203125,38.76033150655549,8.650619506835938,13.0,0.5376007556915283,,,,,
20260118_132628,2026-01-18T13:26:54.001309,lena_256_10_DWT_DCT_color,lena,256,256x256,10,DWT_DCT_color,3,22118,0.0004521204448865178,False,Decryption failed: Padding is incorrect.,"{'image_loading': 0.0, 'message_generation': 0.0, 'compression': 0.0, 'encryption': 0.10503172874450684, 'embedding': 0.03899502754211426, 'quality_analysis': 0.0011172294616699219, 'extraction': 0.033144235610961914}","(256, 256, 3)",196608,10,3.121928094887362,5,448,457,0.02188183807439825,-44.7,528,103,560,0.0028483072916666665,49.837772557873826,0.675048828125,12.0,0.2936546802520752,"[49.78592598679876, 49.81708067434088, 49.91031101248184]",0.05284583986560072,,,
20260118_132628,2026-01-18T13:26:54.294964,lena_256_25_DWT_DCT_color,lena,256,256x256,25,DWT_DCT_color,3,22118,0.0011303011122162944,False,Decryption failed: Padding is incorrect.,"{'image_loading': 0.001055002212524414, 'message_generation': 0.0, 'compression': 0.0, 'encryption': 0.10759830474853516, 'embedding': 0.04142022132873535, 'quality_analysis': 0.0, 'extraction': 0.036768198013305664}","(256, 256, 3)",196608,25,3.753269689515107,13,718,735,0.034013605442176874,-28.4,848,145,880,0.004475911458333333,48.91885133977217,0.8343912760416666,21.0,0.29158878326416016,"[49.0930173211861, 48.819931287539845, 48.843605410590555]",0.1235326079407498,,,
20260118_132628,2026-01-18T13:26:54.586553,lena_256_50_DWT_DCT_color,lena,256,256x256,50,DWT_DCT_color,3,22118,0.002260602224432589,False,Decryption failed: Padding is incorrect.,"{'image_loading': 0.0, 'message_generation': 0.0, 'compression': 0.0, 'encryption': 0.10101151466369629, 'embedding': 0.057402849197387695, 'quality_analysis': 0.0, 'extraction': 0.049807071685791016}","(256, 256, 3)",196608,50,4.063144940981576,27,943,974,0.0513347022587269,-18.48,1136,194,1168,0.005940755208333333,48.24288159239899,0.9747721354166666,24.0,0.31477856636047363,"[48.18092532067271, 48.16593486509273, 48.381784591431504]",0.09840972443410735,,,
20260118_132628,2026-01-18T13:26:54.901331,lena_256_100_DWT_DCT_color,lena,256,256x256,100,DWT_DCT_color,3,22118,0.004521204448865178,False,Decryption failed: Padding is incorrect.,"{'image_loading': 0.0, 'message_generation': 0.0, 'compression': 0.0, 'encryption': 0.11012768745422363, 'embedding': 0.06203770637512207, 'quality_analysis': 0.00484919548034668, 'extraction': 0.06366825103759766}","(256, 256, 3)",196608,100,4.172990526954634,54,1078,1136,0.0880281690140845,-10.36,1328,224,1360,0.006917317708333333,47.7319088196829,1.096435546875,26.0,0.3585667610168457,"[47.72517421267743, 47.624936945030605, 47.845615301340665]",0.09021733179593246,,,
20260118_132628,2026-01-18T13:26:55.259898,lena_256_250_DWT_DCT_color,lena,256,256x256,250,DWT_DCT_color,3,22118,0.011303011122162945,False,Decryption failed: Padding is incorrect.,"{'image_loading': 0.0031037330627441406, 'message_generation': 0.0, 'compression': 0.0, 'encryption': 0.11526298522949219, 'embedding': 0.11455416679382324, 'quality_analysis': 0.0059661865234375, 'extraction': 0.09956550598144531}","(256, 256, 3)",196608,250,4.410014710941875,140,1393,1537,0.16265452179570591,-5.148,1824,319,1856,0.009440104166666666,46.7389601612831,1.378173828125,27.0,0.4414713382720947,"[46.73737897096448, 46.614884828023605, 46.86461668486124]",0.1019587341428252,,,
20260118_132628,2026-01-18T13:26:55.701369,lena_256_500_DWT_DCT_color,lena,256,256x256,500,DWT_DCT_color,3,22118,0.02260602224432589,False,Decryption failed: 'utf-8' codec can't decode byte 0x99 in position 0: invalid start byte,"{'image_loading': 0.0, 'message_generation': 0.0, 'compression': 0.0, 'encryption': 0.1123192310333252, 'embedding': 0.08657979965209961, 'quality_analysis': 0.004030466079711914, 'extraction': 0.08205461502075195}","(256, 256, 3)",196608,500,4.397582645859516,278,1395,1677,0.2981514609421586,-2.354,2032,387,2064,0.010498046875,46.38596326412352,1.4946695963541667,26.0,0.39708781242370605,"[46.390438474633804, 46.29456073321633, 46.472890584520414]",0.07287159756891017,,,
20260118_132628,2026-01-18T13:26:56.098457,lena_256_1000_DWT_DCT_color,lena,256,256x256,1000,DWT_DCT_color,3,22118,0.04521204448865178,False,Decryption failed: Padding is incorrect.,"{'image_loading': 0.0, 'message_generation': 0.0, 'compression': 0.0, 'encryption': 0.0972280502319336, 'embedding': 0.1040046215057373, 'quality_analysis': 0.010199546813964844, 'extraction': 0.11579442024230957}","(256, 256, 3)",196608,1000,4.408307615031233,556,1398,1958,0.5107252298263534,-0.958,2480,554,2512,0.012776692708333334,45.647198597373595,1.7725423177083333,27.0,0.4244844913482666,"[45.691646741716994, 45.45427470468913, 45.795674345714666]",0.14287560294365742,,,
20260118_132628,2026-01-18T13:26:56.528630,lena_256_2500_DWT_DCT_color,lena,256,256x256,2500,DWT_DCT_color,3,22118,0.11303011122162944,False,Decryption failed: 'utf-8' codec can't decode byte 0xe2 in position 32: invalid continuation byte,"{'image_loading': 0.0010867118835449219, 'message_generation': 0.0, 'compression': 0.0, 'encryption': 0.09996700286865234, 'embedding': 0.12363529205322266, 'quality_analysis': 0.009551286697387695, 'extraction': 0.13240933418273926}","(256, 256, 3)",196608,2500,4.419990944489446,1391,1407,2802,0.8922198429693077,-0.12080000000000002,3776,1006,3808,0.019368489583333332,44.011927209483,2.5833333333333335,26.0,0.47690868377685547,"[43.9959191447862, 43.82490905022068, 44.21495343344211]",0.15963677275228905,,,
20260118_132628,2026-01-18T13:26:57.005539,lena_256_5000_DWT_DCT_color,lena,256,256x256,5000,DWT_DCT_color,3,22118,0.22606022244325888,True,,"{'image_loading': 0.003720521926879883, 'message_generation': 0.0015785694122314453, 'compression': 0.004087686538696289, 'encryption': 0.09660077095031738, 'embedding': 0.20473575592041016, 'quality_analysis': 0.0, 'extraction': 0.24551773071289062, 'decryption_decompression': 0.11040544509887695}","(256, 256, 3)",196608,5000,4.420564542645487,2780,1419,4203,1.1896264572924102,0.1594,5920,1749,5952,0.0302734375,42.23147638550287,3.8943888346354165,26.0,0.6666464805603027,"[42.17920386254782, 42.00392845991996, 42.51129683404084]",0.21040433971535394,True,0.0,1.0
20260118_132628,2026-01-18T13:26:57.672185,lena_256_10000_DWT_DCT_color,lena,256,256x256,10000,DWT_DCT_color,3,22118,0.45212044488651776,True,,"{'image_loading': 0.0, 'message_generation': 0.006506919860839844, 'compression': 0.004060506820678711, 'encryption': 0.11278176307678223, 'embedding': 0.3736574649810791, 'quality_analysis': 0.0, 'extraction': 0.32750868797302246, 'decryption_decompression': 0.1263411045074463}","(256, 256, 3)",196608,10000,4.4195894502073365,5558,1431,6993,1.43000143000143,0.30069999999999997,10192,3231,10224,0.052001953125,39.91740129849634,6.638275146484375,27.0,0.9508564472198486,"[39.77161152141339, 39.71014707212532, 40.2704453019503]",0.25089774930925524,True,0.0,1.0
20260118_132628,2026-01-18T13:26:58.623042,baboon_256_10_DWT_DCT_grayscale,baboon,256,256x256,10,DWT_DCT_grayscale,1,7372,0.0013564839934888768,False,Decryption failed: Padding is incorrect.,"{'image_loading': 0.0033559799194335938, 'message_generation': 0.0, 'compression': 0.0, 'encryption': 0.10333561897277832, 'embedding': 0.0319218635559082, 'quality_analysis': 0.0011136531829833984, 'extraction': 0.020071029663085938}","(256, 256)",65536,10,3.121928094887362,5,448,457,0.02188183807439825,-44.7,528,103,560,0.008544921875,48.15999316955168,0.9933013916015625,6.0,0.26612162590026855,,,,,
20260118_132628,2026-01-18T13:26:58.889164,baboon_256_25_DWT_DCT_grayscale,baboon,256,256x256,25,DWT_DCT_grayscale,1,7372,0.003391209983722192,False,Decryption failed: Padding is incorrect.,"{'image_loading': 0.006639957427978516, 'message_generation': 0.0, 'compression': 0.0, 'encryption': 0.10074186325073242, 'embedding': 0.0332798957824707, 'quality_analysis': 0.0053217411041259766, 'extraction': 0.026544809341430664}","(256, 256)",65536,25,3.753269689515107,13,718,735,0.034013605442176874,-28.4,848,145,880,0.013427734375,46.27995311504296,1.5313873291015625,6.0,0.2751920223236084,,,,,
20260118_132628,2026-01-18T13:26:59.164356,baboon_256_50_DWT_DCT_grayscale,baboon,256,256x256,50,DWT_DCT_grayscale,1,7372,0.006782419967444384,False,Decryption failed: Padding is incorrect.,"{'image_loading': 0.003023386001586914, 'message_generation': 0.0, 'compression': 0.0, 'encryption': 0.11350846290588379, 'embedding': 0.04020357131958008, 'quality_analysis': 0.0062906742095947266, 'extraction': 0.03596305847167969}","(256, 256)",65536,50,4.063144940981576,27,943,974,0.0513347022587269,-18.48,1136,194,1168,0.017822265625,45.032275378076264,2.041046142578125,7.0,0.2999868392944336,,,,,
20260118_132628,2026-01-18T13:26:59.464342,baboon_256_100_DWT_DCT_grayscale,baboon,256,256x256,100,DWT_DCT_grayscale,1,7372,0.013564839934888768,False,Decryption failed: Padding is incorrect.,"{'image_loading': 0.0, 'message_generation': 0.0, 'compression': 0.0, 'encryption': 0.10283279418945312, 'embedding': 0.0747687816619873, 'quality_analysis': 0.0, 'extraction': 0.04049825668334961}","(256, 256)",65536,100,4.172990526954634,54,1078,1136,0.0880281690140845,-10.36,1328,224,1360,0.020751953125,44.18669511648417,2.479766845703125,7.0,0.32137560844421387,,,,,
20260118_132628,2026-01-18T13:26:59.785718,baboon_256_250_DWT_DCT_grayscale,baboon,256,256x256,250,DWT_DCT_grayscale,1,7372,0.03391209983722192,False,Decryption failed: Padding is incorrect.,"{'image_loading': 0.009220361709594727, 'message_generation': 0.0, 'compression': 0.0017971992492675781, 'encryption': 0.10297131538391113, 'embedding': 0.07452607154846191, 'quality_analysis': 0.002012014389038086, 'extraction': 0.054294586181640625}","(256, 256)",65536,250,4.410014710941875,140,1393,1537,0.16265452179570591,-5.148,1824,319,1856,0.0283203125,42.97236985378316,3.2797698974609375,11.0,0.3490481376647949,,,,,
20260118_132628,2026-01-18T13:27:00.134766,baboon_256_500_DWT_DCT_grayscale,baboon,256,256x256,500,DWT_DCT_grayscale,1,7372,0.06782419967444384,False,Decryption failed: Padding is incorrect.,"{'image_loading': 0.008424043655395508, 'message_generation': 0.0, 'compression': 0.0020742416381835938, 'encryption': 0.10326218605041504, 'embedding': 0.06799626350402832, 'quality_analysis': 0.0, 'extraction': 0.05645346641540527}","(256, 256)",65536,500,4.397582645859516,278,1395,1677,0.2981514609421586,-2.354,2032,387,2064,0.031494140625,42.49133765467553,3.6639251708984375,9.0,0.34404587745666504,,,,,
20260118_132628,2026-01-18T13:27:00.478812,baboon_256_1000_DWT_DCT_grayscale,baboon,256,256x256,1000,DWT_DCT_grayscale,1,7372,0.13564839934888767,False,Decryption failed: Padding is incorrect.,"{'image_loading': 0.0, 'message_generation': 0.0, 'compression': 0.0, 'encryption': 0.11622762680053711, 'embedding': 0.07779097557067871, 'quality_analysis': 0.0, 'extraction': 0.06620407104492188}","(256, 256)",65536,1000,4.408307615031233,556,1398,1958,0.5107252298263534,-0.958,2480,554,2512,0.038330078125,41.64884487468643,4.4483184814453125,10.0,0.362260103225708,,,,,
20260118_132628,2026-01-18T13:27:00.841072,baboon_256_2500_DWT_DCT_grayscale,baboon,256,256x256,2500,DWT_DCT_grayscale,1,7372,0.3391209983722192,False,Decryption failed: Padding is incorrect.,"{'image_loading': 0.004368782043457031, 'message_generation': 0.0, 'compression': 0.0010395050048828125, 'encryption': 0.09962105751037598, 'embedding': 0.11548566818237305, 'quality_analysis': 0.0, 'extraction': 0.10407662391662598}","(256, 256)",65536,2500,4.419990944489446,1391,1407,2802,0.8922198429693077,-0.12080000000000002,3776,1006,3808,0.05810546875,39.79923673761175,6.810150146484375,12.0,0.43407249450683594,,,,,
20260118_132628,2026-01-18T13:27:01.275144,baboon_256_5000_DWT_DCT_grayscale,baboon,256,256x256,5000,DWT_DCT_grayscale,1,7372,0.6782419967444384,False,Decryption failed: Padding is incorrect.,"{'image_loading': 0.0032854080200195312, 'message_generation': 0.001279592514038086, 'compression': 0.0, 'encryption': 0.10001158714294434, 'embedding': 0.3010139465332031, 'quality_analysis': 0.0, 'extraction': 0.14498424530029297}","(256, 256)",65536,5000,4.420564542645487,2780,1419,4203,1.1896264572924102,0.1594,5920,1749,5952,0.0908203125,37.84943964987854,10.6693115234375,16.0,0.6699731349945068,,,,,
20260118_132628,2026-01-18T13:27:01.945118,baboon_256_10_DWT_DCT_color,baboon,256,256x256,10,DWT_DCT_color,3,22118,0.0004521204448865178,False,Decryption failed: Padding is incorrect.,"{'image_loading': 0.003011941909790039, 'message_generation': 0.0, 'compression': 0.0, 'encryption': 0.10697126388549805, 'embedding': 0.03166675567626953, 'quality_analysis': 0.008572578430175781, 'extraction': 0.01999640464782715}","(256, 256, 3)",196608,10,3.121928094887362,5,448,457,0.02188183807439825,-44.7,528,103,560,0.0028483072916666665,49.86779562507706,0.6703999837239584,3.0,0.3311951160430908,"[49.93955924072699, 49.81024646351726, 49.85358117098691]",0.05374003235474903,,,
20260118_132628,2026-01-18T13:27:02.276313,baboon_256_25_DWT_DCT_color,baboon,256,256x256,25,DWT_DCT_color,3,22118,0.0011303011122162944,False,Decryption failed: Padding is incorrect.,"{'image_loading': 0.005483150482177734, 'message_generation': 0.0, 'compression': 0.002015829086303711, 'encryption': 0.10300540924072266, 'embedding': 0.04333806037902832, 'quality_analysis': 0.0, 'extraction': 0.031980276107788086}","(256, 256, 3)",196608,25,3.753269689515107,13,718,735,0.034013605442176874,-28.4,848,145,880,0.004475911458333333,48.72052288068799,0.8731842041015625,3.0,0.28574442863464355,"[48.7538020101684, 48.607594527891116, 48.80017210400443]",0.08206564871958999,,,
20260118_132628,2026-01-18T13:27:02.562057,baboon_256_50_DWT_DCT_color,baboon,256,256x256,50,DWT_DCT_color,3,22118,0.002260602224432589,False,Decryption failed: Padding is incorrect.,"{'image_loading': 0.010145425796508789, 'message_generation': 0.0, 'compression': 0.0, 'encryption': 0.10697650909423828, 'embedding': 0.05648922920227051, 'quality_analysis': 0.004021644592285156, 'extraction': 0.04264092445373535}","(256, 256, 3)",196608,50,4.063144940981576,27,943,974,0.0513347022587269,-18.48,1136,194,1168,0.005940755208333333,48.00464379502014,1.0295003255208333,4.0,0.34107041358947754,"[48.04731820815067, 47.98561257707106, 47.98100059983866]",0.030234050732302106,,,
20260118_132628,2026-01-18T13:27:02.903128,baboon_256_100_DWT_DCT_color,baboon,256,256x256,100,DWT_DCT_color,3,22118,0.004521204448865178,False,Decryption failed: PKCS#7 padding is incorrect.,"{'image_loading': 0.0, 'message_generation': 0.0, 'compression': 0.0, 'encryption': 0.09910726547241211, 'embedding': 0.06336236000061035, 'quality_analysis': 0.0012745857238769531, 'extraction': 0.04502058029174805}","(256, 256, 3)",196608,100,4.172990526954634,54,1078,1136,0.0880281690140845,-10.36,1328,224,1360,0.006917317708333333,47.551885699135674,1.14263916015625,4.0,0.3146548271179199,"[47.49719235505047, 47.5764892494135, 47.58197549294306]",0.038738836090184685,,,
20260118_132628,2026-01-18T13:27:03.217783,baboon_256_250_DWT_DCT_color,baboon,256,256x256,250,DWT_DCT_color,3,22118,0.011303011122162945,False,Decryption failed: 'utf-8' codec can't decode byte 0xee in position 0: invalid continuation byte,"{'image_loading': 0.010993242263793945, 'message_generation': 0.0, 'compression': 0.0010917186737060547, 'encryption': 0.1018679141998291, 'embedding': 0.06485605239868164, 'quality_analysis': 0.0, 'extraction': 0.07629251480102539}","(256, 256, 3)",196608,250,4.410014710941875,140,1393,1537,0.16265452179570591,-5.148,1824,319,1856,0.009440104166666666,46.597740527047115,1.4234161376953125,5.0,0.3574972152709961,"[46.65621431460859, 46.596227935257666, 46.5407793312751]",0.04713827033131437,,,
20260118_132628,2026-01-18T13:27:03.575280,baboon_256_500_DWT_DCT_color,baboon,256,256x256,500,DWT_DCT_color,3,22118,0.02260602224432589,False,Decryption failed: Padding is incorrect.,"{'image_loading': 0.00452423095703125, 'message_generation': 0.0, 'compression': 0.0, 'encryption': 0.09988188743591309, 'embedding': 0.0827946662902832, 'quality_analysis': 0.002882242202758789, 'extraction': 0.08008718490600586}","(256, 256, 3)",196608,500,4.397582645859516,278,1395,1677,0.2981514609421586,-2.354,2032,387,2064,0.010498046875,46.11991990163519,1.5889689127604167,5.0,0.3709101676940918,"[46.07383578803003, 46.18696626964804, 46.09895764722749]",0.04850559108783422,,,
20260118_132628,2026-01-18T13:27:03.946190,baboon_256_1000_DWT_DCT_color,baboon,256,256x256,1000,DWT_DCT_color,3,22118,0.04521204448865178,False,Decryption failed: 'utf-8' codec can't decode byte 0x86 in position 3: invalid start byte,"{'image_loading': 0.0, 'message_generation': 0.0, 'compression': 0.007168292999267578, 'encryption': 0.09618186950683594, 'embedding': 0.09725093841552734, 'quality_analysis': 0.0, 'extraction': 0.09680032730102539}","(256, 256, 3)",196608,1000,4.408307615031233,556,1398,1958,0.5107252298263534,-0.958,2480,554,2512,0.012776692708333334,45.47594762277735,1.8428497314453125,6.0,0.4002509117126465,"[45.49937737014509, 45.45191380586684, 45.47655169232012]",0.01938162632509362,,,
20260118_132628,2026-01-18T13:27:04.346441,baboon_256_2500_DWT_DCT_color,baboon,256,256x256,2500,DWT_DCT_color,3,22118,0.11303011122162944,False,Decryption failed: 'utf-8' codec can't decode byte 0xcb in position 32: invalid continuation byte,"{'image_loading': 0.0, 'message_generation': 0.0, 'compression': 0.0, 'encryption': 0.10505008697509766, 'embedding': 0.13013648986816406, 'quality_analysis': 0.0, 'extraction': 0.13775253295898438}","(256, 256, 3)",196608,2500,4.419990944489446,1391,1407,2802,0.8922198429693077,-0.12080000000000002,3776,1006,3808,0.019368489583333332,43.891705623208765,2.654139200846354,7.0,0.466461181640625,"[43.928240659333696, 43.845018963197276, 43.901857247095315]",0.03472515205252196,,,
20260118_132628,2026-01-18T13:27:04.812902,baboon_256_5000_DWT_DCT_color,baboon,256,256x256,5000,DWT_DCT_color,3,22118,0.22606022244325888,False,Decryption failed: Padding is incorrect.,"{'image_loading': 0.012502908706665039, 'message_generation': 0.0, 'compression': 0.0044896602630615234, 'encryption': 0.10315227508544922, 'embedding': 0.21571660041809082, 'quality_analysis': 0.0, 'extraction': 0.19799590110778809}","(256, 256, 3)",196608,5000,4.420564542645487,2780,1419,4203,1.1896264572924102,0.1594,5920,1749,5952,0.0302734375,42.15687256225047,3.957331339518229,9.0,0.6347944736480713,"[42.1704094608128, 42.11733336294907, 42.18287486298954]",0.028417808664098425,,,
20260118_132628,2026-01-18T13:27:05.447697,baboon_256_10000_DWT_DCT_color,baboon,256,256x256,10000,DWT_DCT_color,3,22118,0.45212044488651776,False,Decryption failed: 'utf-8' codec can't decode byte 0xc3 in position 2655: invalid continuation byte,"{'image_loading': 0.0, 'message_generation': 0.008051633834838867, 'compression': 0.0013720989227294922, 'encryption': 0.10622429847717285, 'embedding': 0.3205685615539551, 'quality_analysis': 0.008036136627197266, 'extraction': 0.31264781951904297}","(256, 256, 3)",196608,10000,4.4195894502073365,5558,1431,6993,1.43000143000143,0.30069999999999997,10192,3231,10224,0.052001953125,39.87892857964624,6.686421712239583,9.0,0.8640949726104736,"[39.87498595489898, 39.85253684572192, 39.90926293831782]",0.023325531258301377,,,
20260118_132628,2026-01-18T13:27:06.311791,peppers_256_10_DWT_DCT_grayscale,peppers,256,256x256,10,DWT_DCT_grayscale,1,7372,0.0013564839934888768,False,Decryption failed: Padding is incorrect.,"{'image_loading': 0.0035223960876464844, 'message_generation': 0.0, 'compression': 0.0, 'encryption': 0.09889030456542969, 'embedding': 0.032460689544677734, 'quality_analysis': 0.0, 'extraction': 0.027880191802978516}","(256, 256)",65536,10,3.121928094887362,5,448,457,0.02188183807439825,-44.7,528,103,560,0.008544921875,48.243313772881834,0.97442626953125,6.0,0.2633528709411621,,,,,
20260118_132628,2026-01-18T13:27:06.575144,peppers_256_25_DWT_DCT_grayscale,peppers,256,256x256,25,DWT_DCT_grayscale,1,7372,0.003391209983722192,False,Decryption failed: Padding is incorrect.,"{'image_loading': 0.004762887954711914, 'message_generation': 0.0, 'compression': 0.0, 'encryption': 0.1007232666015625, 'embedding': 0.04053544998168945, 'quality_analysis': 0.0, 'extraction': 0.03354072570800781}","(256, 256)",65536,25,3.753269689515107,13,718,735,0.034013605442176874,-28.4,848,145,880,0.013427734375,46.10070128494102,1.595916748046875,6.0,0.27639126777648926,,,,,
20260118_132628,2026-01-18T13:27:06.851536,peppers_256_50_DWT_DCT_grayscale,peppers,256,256x256,50,DWT_DCT_grayscale,1,7372,0.006782419967444384,False,Decryption failed: Padding is incorrect.,"{'image_loading': 0.009213447570800781, 'message_generation': 0.0, 'compression': 0.0, 'encryption': 0.10520029067993164, 'embedding': 0.04591226577758789, 'quality_analysis': 0.0034711360931396484, 'extraction': 0.03574180603027344}","(256, 256)",65536,50,4.063144940981576,27,943,974,0.0513347022587269,-18.48,1136,194,1168,0.017822265625,44.961171939425114,2.074737548828125,7.0,0.2968571186065674,,,,,
20260118_132628,2026-01-18T13:27:07.148393,peppers_256_100_DWT_DCT_grayscale,peppers,256,256x256,100,DWT_DCT_grayscale,1,7372,0.013564839934888768,False,Decryption failed: Padding is incorrect.,"{'image_loading': 0.011826753616333008, 'message_generation': 0.0, 'compression': 0.0, 'encryption': 0.10160970687866211, 'embedding': 0.05321979522705078, 'quality_analysis': 0.0, 'extraction': 0.03473019599914551}","(256, 256)",65536,100,4.172990526954634,54,1078,1136,0.0880281690140845,-10.36,1328,224,1360,0.020751953125,44.217805553656,2.462066650390625,7.0,0.30527186393737793,,,,,
20260118_132628,2026-01-18T13:27:07.453664,peppers_256_250_DWT_DCT_grayscale,peppers,256,256x256,250,DWT_DCT_grayscale,1,7372,0.03391209983722192,False,Decryption failed: Padding is incorrect.,"{'image_loading': 0.00992894172668457, 'message_generation': 0.0, 'compression': 0.0, 'encryption': 0.10578250885009766, 'embedding': 0.06046032905578613, 'quality_analysis': 0.006203889846801758, 'extraction': 0.0603787899017334}","(256, 256)",65536,250,4.410014710941875,140,1393,1537,0.16265452179570591,-5.148,1824,319,1856,0.0283203125,42.899200675341184,3.3354949951171875,9.0,0.353534460067749,,,,,
20260118_132628,2026-01-18T13:27:07.807199,peppers_256_500_DWT_DCT_grayscale,peppers,256,256x256,500,DWT_DCT_grayscale,1,7372,0.06782419967444384,False,Decryption failed: Padding is incorrect.,"{'image_loading': 0.0011179447174072266, 'message_generation': 0.0, 'compression': 0.003918886184692383, 'encryption': 0.10523128509521484, 'embedding': 0.0818941593170166, 'quality_analysis': 0.0, 'extraction': 0.07274150848388672}","(256, 256)",65536,500,4.397582645859516,278,1395,1677,0.2981514609421586,-2.354,2032,387,2064,0.031494140625,42.38934243657444,3.7509918212890625,9.0,0.37377381324768066,,,,,
20260118_132628,2026-01-18T13:27:08.180973,peppers_256_1000_DWT_DCT_grayscale,peppers,256,256x256,1000,DWT_DCT_grayscale,1,7372,0.13564839934888767,False,Decryption failed: Padding is incorrect.,"{'image_loading': 0.0, 'message_generation': 0.0, 'compression': 0.0, 'encryption': 0.11975431442260742, 'embedding': 0.14780640602111816, 'quality_analysis': 0.002010345458984375, 'extraction': 0.09093403816223145}","(256, 256)",65536,1000,4.408307615031233,556,1398,1958,0.5107252298263534,-0.958,2480,554,2512,0.038330078125,41.49947556159149,4.603973388671875,10.0,0.46276402473449707,,,,,
20260118_132628,2026-01-18T13:27:08.643737,peppers_256_2500_DWT_DCT_grayscale,peppers,256,256x256,2500,DWT_DCT_grayscale,1,7372,0.3391209983722192,False,Decryption failed: Padding is incorrect.,"{'image_loading': 0.002306699752807617, 'message_generation': 0.0, 'compression': 0.0, 'encryption': 0.10419297218322754, 'embedding': 0.120452880859375, 'quality_analysis': 0.0, 'extraction': 0.09214496612548828}","(256, 256)",65536,2500,4.419990944489446,1391,1407,2802,0.8922198429693077,-0.12080000000000002,3776,1006,3808,0.05810546875,39.58025533216272,7.1623382568359375,12.0,0.43149733543395996,,,,,
20260118_132628,2026-01-18T13:27:09.075234,peppers_256_5000_DWT_DCT_grayscale,peppers,256,256x256,5000,DWT_DCT_grayscale,1,7372,0.6782419967444384,False,Decryption failed: Padding is incorrect.,"{'image_loading': 0.0037796497344970703, 'message_generation': 0.002724170684814453, 'compression': 0.0020096302032470703, 'encryption': 0.10532474517822266, 'embedding': 0.17561078071594238, 'quality_analysis': 0.0, 'extraction': 0.14779043197631836}","(256, 256)",65536,5000,4.420564542645487,2780,1419,4203,1.1896264572924102,0.1594,5920,1749,5952,0.0908203125,37.70246629899359,11.03656005859375,15.0,0.546151876449585,,,,,
20260118_132628,2026-01-18T13:27:09.621386,peppers_256_10_DWT_DCT_color,peppers,256,256x256,10,DWT_DCT_color,3,22118,0.0004521204448865178,False,Decryption failed: Padding is incorrect.,"{'image_loading': 0.0, 'message_generation': 0.0, 'compression': 0.0, 'encryption': 0.10444927215576172, 'embedding': 0.03221297264099121, 'quality_analysis': 0.005463123321533203, 'extraction': 0.02674579620361328}","(256, 256, 3)",196608,10,3.121928094887362,5,448,457,0.02188183807439825,-44.7,528,103,560,0.0028483072916666665,50.06119417928428,0.6412099202473959,3.0,0.265866756439209,"[50.011713614412976, 50.14336423359781, 50.02850468984202]",0.05850597361485649,,,
20260118_132628,2026-01-18T13:27:09.887253,peppers_256_25_DWT_DCT_color,peppers,256,256x256,25,DWT_DCT_color,3,22118,0.0011303011122162944,False,Decryption failed: Padding is incorrect.,"{'image_loading': 0.008018255233764648, 'message_generation': 0.0, 'compression': 0.0, 'encryption': 0.09761214256286621, 'embedding': 0.04030323028564453, 'quality_analysis': 0.008029699325561523, 'extraction': 0.040221452713012695}","(256, 256, 3)",196608,25,3.753269689515107,13,718,735,0.034013605442176874,-28.4,848,145,880,0.004475911458333333,49.047455285083856,0.81060791015625,4.0,0.29828763008117676,"[49.13866075075318, 49.2368803018786, 48.7668248026198]",0.2024464881095377,,,
20260118_132628,2026-01-18T13:27:10.185540,peppers_256_50_DWT_DCT_color,peppers,256,256x256,50,DWT_DCT_color,3,22118,0.002260602224432589,False,Decryption failed: Padding is incorrect.,"{'image_loading': 0.0, 'message_generation': 0.0, 'compression': 0.0, 'encryption': 0.10462188720703125, 'embedding': 0.05590319633483887, 'quality_analysis': 0.0, 'extraction': 0.056179046630859375}","(256, 256, 3)",196608,50,4.063144940981576,27,943,974,0.0513347022587269,-18.48,1136,194,1168,0.005940755208333333,48.23107230673197,0.9787851969401041,4.0,0.32131385803222656,"[48.31732062462357, 48.482358358246216, 47.89353793732612]",0.24800060655500675,,,
20260118_132628,2026-01-18T13:27:10.578603,peppers_256_100_DWT_DCT_color,peppers,256,256x256,100,DWT_DCT_color,3,22118,0.004521204448865178,False,Decryption failed: Padding is incorrect.,"{'image_loading': 0.006013154983520508, 'message_generation': 0.0, 'compression': 0.0, 'encryption': 0.1000525951385498, 'embedding': 0.05783867835998535, 'quality_analysis': 0.005440473556518555, 'extraction': 0.04872441291809082}","(256, 256, 3)",196608,100,4.172990526954634,54,1078,1136,0.0880281690140845,-10.36,1328,224,1360,0.006917317708333333,47.78533385997781,1.0835622151692708,4.0,0.3177778720855713,"[47.84816035329884, 47.9456768775858, 47.562164349048786]",0.162748970469813,,,
20260118_132628,2026-01-18T13:27:10.896381,peppers_256_250_DWT_DCT_color,peppers,256,256x256,250,DWT_DCT_color,3,22118,0.011303011122162945,False,Decryption failed: Padding is incorrect.,"{'image_loading': 0.013431072235107422, 'message_generation': 0.0, 'compression': 0.0, 'encryption': 0.10461163520812988, 'embedding': 0.07428193092346191, 'quality_analysis': 0.006801128387451172, 'extraction': 0.0859832763671875}","(256, 256, 3)",196608,250,4.410014710941875,140,1393,1537,0.16265452179570591,-5.148,1824,319,1856,0.009440104166666666,46.76464122999946,1.3703664143880208,6.0,0.3834102153778076,"[46.822491304863945, 46.89711698999848, 46.574315395135955]",0.13798596736097823,,,
20260118_132628,2026-01-18T13:27:11.279791,peppers_256_500_DWT_DCT_color,peppers,256,256x256,500,DWT_DCT_color,3,22118,0.02260602224432589,False,Decryption failed: Padding is incorrect.,"{'image_loading': 0.0, 'message_generation': 0.0, 'compression': 0.010473012924194336, 'encryption': 0.0908956527709961, 'embedding': 0.08807873725891113, 'quality_analysis': 0.004023075103759766, 'extraction': 0.08090519905090332}","(256, 256, 3)",196608,500,4.397582645859516,278,1395,1677,0.2981514609421586,-2.354,2032,387,2064,0.010498046875,46.321041029955836,1.5176849365234375,5.0,0.3838212490081787,"[46.332631927960584, 46.47841325350092, 46.15207790840601]",0.13347771612263234,,,
20260118_132628,2026-01-18T13:27:11.663612,peppers_256_1000_DWT_DCT_color,peppers,256,256x256,1000,DWT_DCT_color,3,22118,0.04521204448865178,False,Decryption failed: Padding is incorrect.,"{'image_loading': 0.0035238265991210938, 'message_generation': 0.0, 'compression': 0.0, 'encryption': 0.11433911323547363, 'embedding': 0.13708925247192383, 'quality_analysis': 0.0, 'extraction': 0.11710095405578613}","(256, 256, 3)",196608,1000,4.408307615031233,556,1398,1958,0.5107252298263534,-0.958,2480,554,2512,0.012776692708333334,45.602183520930716,1.79296875,6.0,0.47680115699768066,"[45.59348741825389, 45.91095120459536, 45.302111939942904]",0.2486336383744286,,,
20260118_132628,2026-01-18T13:27:12.140413,peppers_256_2500_DWT_DCT_color,peppers,256,256x256,2500,DWT_DCT_color,3,22118,0.11303011122162944,False,Decryption failed: Padding is incorrect.,"{'image_loading': 0.004049777984619141, 'message_generation': 0.0, 'compression': 0.0015418529510498047, 'encryption': 0.10265302658081055, 'embedding': 0.13005590438842773, 'quality_analysis': 0.004494905471801758, 'extraction': 0.130659818649292}","(256, 256, 3)",196608,2500,4.419990944489446,1391,1407,2802,0.8922198429693077,-0.12080000000000002,3776,1006,3808,0.019368489583333332,43.977452746311464,2.6035003662109375,7.0,0.4757993221282959,"[44.07702856072473, 44.073772638047345, 43.78155704016231]",0.13852555967251598,,,
20260118_132628,2026-01-18T13:27:12.616213,peppers_256_5000_DWT_DCT_color,peppers,256,256x256,5000,DWT_DCT_color,3,22118,0.22606022244325888,False,Decryption failed: Padding is incorrect.,"{'image_loading': 0.004026889801025391, 'message_generation': 0.0, 'compression': 0.0, 'encryption': 0.11337089538574219, 'embedding': 0.19631505012512207, 'quality_analysis': 0.013602972030639648, 'extraction': 0.18839669227600098}","(256, 256, 3)",196608,5000,4.420564542645487,2780,1419,4203,1.1896264572924102,0.1594,5920,1749,5952,0.0302734375,42.19926836207373,3.9208577473958335,9.0,0.6163105964660645,"[42.262973176259315, 42.329965689950185, 42.00486622001171]",0.14015739688265486,,,
20260118_132628,2026-01-18T13:27:13.232523,peppers_256_10000_DWT_DCT_color,peppers,256,256x256,10000,DWT_DCT_color,3,22118,0.45212044488651776,False,Decryption failed: Padding is incorrect.,"{'image_loading': 0.013444185256958008, 'message_generation': 0.0011739730834960938, 'compression': 0.0, 'encryption': 0.10078096389770508, 'embedding': 0.34793615341186523, 'quality_analysis': 0.0024802684783935547, 'extraction': 0.3389549255371094}","(256, 256, 3)",196608,10000,4.4195894502073365,5558,1431,6993,1.43000143000143,0.30069999999999997,10192,3231,10224,0.052001953125,39.94687186990591,6.5855865478515625,10.0,0.9132871627807617,"[40.053411264940245, 40.02602289567698, 39.7611814491005]",0.13177817213507675,,,
20260118_132628,2026-01-18T13:27:14.145810,house_256_10_DWT_DCT_grayscale,house,256,256x256,10,DWT_DCT_grayscale,1,7372,0.0013564839934888768,False,Decryption failed: Padding is incorrect.,"{'image_loading': 0.0010504722595214844, 'message_generation': 0.0, 'compression': 0.0, 'encryption': 0.10306262969970703, 'embedding': 0.02987837791442871, 'quality_analysis': 0.0, 'extraction': 0.025753021240234375}","(256, 256)",65536,10,3.121928094887362,5,448,457,0.02188183807439825,-44.7,528,103,560,0.008544921875,48.19563136129416,0.9851837158203125,6.0,0.25641560554504395,,,,,
20260118_132628,2026-01-18T13:27:14.402226,house_256_25_DWT_DCT_grayscale,house,256,256x256,25,DWT_DCT_grayscale,1,7372,0.003391209983722192,False,Decryption failed: Padding is incorrect.,"{'image_loading': 0.011244058609008789, 'message_generation': 0.0, 'compression': 0.0, 'encryption': 0.1069185733795166, 'embedding': 0.04565000534057617, 'quality_analysis': 0.0, 'extraction': 0.03248476982116699}","(256, 256)",65536,25,3.753269689515107,13,718,735,0.034013605442176874,-28.4,848,145,880,0.013427734375,46.25359332871179,1.54071044921875,7.0,0.29447436332702637,,,,,
20260118_132628,2026-01-18T13:27:14.696701,house_256_50_DWT_DCT_grayscale,house,256,256x256,50,DWT_DCT_grayscale,1,7372,0.006782419967444384,False,Decryption failed: Padding is incorrect.,"{'image_loading': 0.00805354118347168, 'message_generation': 0.0, 'compression': 0.0, 'encryption': 0.10770463943481445, 'embedding': 0.051232099533081055, 'quality_analysis': 0.0, 'extraction': 0.039714813232421875}","(256, 256)",65536,50,4.063144940981576,27,943,974,0.0513347022587269,-18.48,1136,194,1168,0.017822265625,44.97265373011123,2.0692596435546875,7.0,0.3256998062133789,,,,,
20260118_132628,2026-01-18T13:27:15.022400,house_256_100_DWT_DCT_grayscale,house,256,256x256,100,DWT_DCT_grayscale,1,7372,0.013564839934888768,False,Decryption failed: Padding is incorrect.,"{'image_loading': 0.007901906967163086, 'message_generation': 0.0, 'compression': 0.0, 'encryption': 0.10751199722290039, 'embedding': 0.05649685859680176, 'quality_analysis': 0.001737356185913086, 'extraction': 0.03579115867614746}","(256, 256)",65536,100,4.172990526954634,54,1078,1136,0.0880281690140845,-10.36,1328,224,1360,0.020751953125,44.338294104916585,2.3946990966796875,8.0,0.3080465793609619,,,,,
20260118_132628,2026-01-18T13:27:15.330447,house_256_250_DWT_DCT_grayscale,house,256,256x256,250,DWT_DCT_grayscale,1,7372,0.03391209983722192,False,Decryption failed: PKCS#7 padding is incorrect.,"{'image_loading': 0.016369342803955078, 'message_generation': 0.0, 'compression': 0.0020148754119873047, 'encryption': 0.10051465034484863, 'embedding': 0.06427931785583496, 'quality_analysis': 0.0, 'extraction': 0.05634880065917969}","(256, 256)",65536,250,4.410014710941875,140,1393,1537,0.16265452179570591,-5.148,1824,319,1856,0.0283203125,43.075313007908335,3.20294189453125,9.0,0.3446505069732666,,,,,
20260118_132628,2026-01-18T13:27:15.675097,house_256_500_DWT_DCT_grayscale,house,256,256x256,500,DWT_DCT_grayscale,1,7372,0.06782419967444384,False,Decryption failed: Padding is incorrect.,"{'image_loading': 0.005449771881103516, 'message_generation': 0.0, 'compression': 0.0, 'encryption': 0.11121630668640137, 'embedding': 0.08183622360229492, 'quality_analysis': 0.0, 'extraction': 0.0688169002532959}","(256, 256)",65536,500,4.397582645859516,278,1395,1677,0.2981514609421586,-2.354,2032,387,2064,0.031494140625,42.55642846998413,3.6094207763671875,10.0,0.37882161140441895,,,,,
20260118_132628,2026-01-18T13:27:16.053919,house_256_1000_DWT_DCT_grayscale,house,256,256x256,1000,DWT_DCT_grayscale,1,7372,0.13564839934888767,False,Decryption failed: Padding is incorrect.,"{'image_loading': 0.004556179046630859, 'message_generation': 0.0, 'compression': 0.0, 'encryption': 0.11244535446166992, 'embedding': 0.09620118141174316, 'quality_analysis': 0.0012369155883789062, 'extraction': 0.0800619125366211}","(256, 256)",65536,1000,4.408307615031233,556,1398,1958,0.5107252298263534,-0.958,2480,554,2512,0.038330078125,41.64681930992288,4.4503936767578125,12.0,0.3958714008331299,,,,,
20260118_132628,2026-01-18T13:27:16.449790,house_256_2500_DWT_DCT_grayscale,house,256,256x256,2500,DWT_DCT_grayscale,1,7372,0.3391209983722192,False,Decryption failed: Padding is incorrect.,"{'image_loading': 0.0, 'message_generation': 0.0, 'compression': 0.00805211067199707, 'encryption': 0.10826873779296875, 'embedding': 0.11853885650634766, 'quality_analysis': 0.009298086166381836, 'extraction': 0.10159611701965332}","(256, 256)",65536,2500,4.419990944489446,1391,1407,2802,0.8922198429693077,-0.12080000000000002,3776,1006,3808,0.05810546875,39.80241986920507,6.8051605224609375,12.0,0.4457385540008545,,,,,
20260118_132628,2026-01-18T13:27:16.895529,house_256_5000_DWT_DCT_grayscale,house,256,256x256,5000,DWT_DCT_grayscale,1,7372,0.6782419967444384,False,Decryption failed: Padding is incorrect.,"{'image_loading': 0.0, 'message_generation': 0.008422136306762695, 'compression': 0.0013167858123779297, 'encryption': 0.10809993743896484, 'embedding': 0.1833183765411377, 'quality_analysis': 0.0, 'extraction': 0.1489255428314209}","(256, 256)",65536,5000,4.420564542645487,2780,1419,4203,1.1896264572924102,0.1594,5920,1749,5952,0.0908203125,37.84804237890425,10.672744750976562,13.0,0.554069995880127,,,,,
20260118_132628,2026-01-18T13:27:17.449599,house_256_10_DWT_DCT_color,house,256,256x256,10,DWT_DCT_color,3,22118,0.0004521204448865178,False,Decryption failed: Padding is incorrect.,"{'image_loading': 0.0, 'message_generation': 0.0, 'compression': 0.0, 'encryption': 0.1125640869140625, 'embedding': 0.03592681884765625, 'quality_analysis': 0.005009889602661133, 'extraction': 0.027753353118896484}","(256, 256, 3)",196608,10,3.121928094887362,5,448,457,0.02188183807439825,-44.7,528,103,560,0.0028483072916666665,49.83292264630788,0.6758626302083334,3.0,0.2803218364715576,"[49.72274916309828, 49.88324215787606, 49.89277661794929]",0.07800159735169358,,,
20260118_132628,2026-01-18T13:27:17.729921,house_256_25_DWT_DCT_color,house,256,256x256,25,DWT_DCT_color,3,22118,0.0011303011122162944,False,Decryption failed: Padding is incorrect.,"{'image_loading': 0.0, 'message_generation': 0.0, 'compression': 0.0, 'encryption': 0.11564207077026367, 'embedding': 0.03390955924987793, 'quality_analysis': 0.0, 'extraction': 0.05195760726928711}","(256, 256, 3)",196608,25,3.753269689515107,13,718,735,0.034013605442176874,-28.4,848,145,880,0.004475911458333333,48.8319457580493,0.8509928385416666,3.0,0.3255476951599121,"[48.83486834377449, 48.90272823720741, 48.758240693165995]",0.0590229826777727,,,
20260118_132628,2026-01-18T13:27:18.055468,house_256_50_DWT_DCT_color,house,256,256x256,50,DWT_DCT_color,3,22118,0.002260602224432589,False,[Errno 22] Invalid argument,"{'image_loading': 0.0060350894927978516, 'message_generation': 0.0, 'compression': 0.0, 'encryption': 0.13531827926635742}","(256, 256, 3)",196608,50,4.063144940981576,27,943,974,0.0513347022587269,-18.48,1136,194,1168,0.005940755208333333,,,,0.14937901496887207,,,,,
20260118_132628,2026-01-18T13:27:18.204847,house_256_100_DWT_DCT_color,house,256,256x256,100,DWT_DCT_color,3,22118,0.004521204448865178,False,Decryption failed: Padding is incorrect.,"{'image_loading': 0.00900125503540039, 'message_generation': 0.0, 'compression': 0.0, 'encryption': 0.10100173950195312, 'embedding': 0.05497598648071289, 'quality_analysis': 0.0, 'extraction': 0.06092977523803711}","(256, 256, 3)",196608,100,4.172990526954634,54,1078,1136,0.0880281690140845,-10.36,1328,224,1360,0.006917317708333333,47.48792665030876,1.1595865885416667,4.0,0.32419681549072266,"[47.43656542367803, 47.519586117623376, 47.50762840962486]",0.03664449386473397,,,
20260118_132628,2026-01-18T13:27:18.529044,house_256_250_DWT_DCT_color,house,256,256x256,250,DWT_DCT_color,3,22118,0.011303011122162945,False,Decryption failed: Padding is incorrect.,"{'image_loading': 0.0, 'message_generation': 0.009823322296142578, 'compression': 0.0, 'encryption': 0.09419369697570801, 'embedding': 0.08472514152526855, 'quality_analysis': 0.0024449825286865234, 'extraction': 0.08129024505615234}","(256, 256, 3)",196608,250,4.410014710941875,140,1393,1537,0.16265452179570591,-5.148,1824,319,1856,0.009440104166666666,46.55917394452197,1.4360758463541667,6.0,0.3889303207397461,"[46.58953102595991, 46.57839240785349, 46.50959839975252]",0.0353489102398853,,,
20260118_132628,2026-01-18T13:27:18.917975,house_256_500_DWT_DCT_color,house,256,256x256,500,DWT_DCT_color,3,22118,0.02260602224432589,False,Decryption failed: Padding is incorrect.,"{'image_loading': 0.0, 'message_generation': 0.0, 'compression': 0.0, 'encryption': 0.11209487915039062, 'embedding': 0.07485651969909668, 'quality_analysis': 0.008525609970092773, 'extraction': 0.07672548294067383}","(256, 256, 3)",196608,500,4.397582645859516,278,1395,1677,0.2981514609421586,-2.354,2032,387,2064,0.010498046875,46.11455616230321,1.5908610026041667,6.0,0.3776273727416992,"[46.1172591695454, 46.14435353326236, 46.08205578410186]",0.025504667203339437,,,
20260118_132628,2026-01-18T13:27:19.295602,house_256_1000_DWT_DCT_color,house,256,256x256,1000,DWT_DCT_color,3,22118,0.04521204448865178,False,Decryption failed: Padding is incorrect.,"{'image_loading': 0.0, 'message_generation': 0.0, 'compression': 0.007308483123779297, 'encryption': 0.1105961799621582, 'embedding': 0.10118436813354492, 'quality_analysis': 0.003541707992553711, 'extraction': 0.09410858154296875}","(256, 256, 3)",196608,1000,4.408307615031233,556,1398,1958,0.5107252298263534,-0.958,2480,554,2512,0.012776692708333334,45.43656957480747,1.8597005208333333,7.0,0.41999173164367676,"[45.381325254589136, 45.447981824314, 45.48040164551928]",0.04124489777766525,,,
20260118_132628,2026-01-18T13:27:19.715594,house_256_2500_DWT_DCT_color,house,256,256x256,2500,DWT_DCT_color,3,22118,0.11303011122162944,False,Decryption failed: 'utf-8' codec can't decode byte 0xac in position 240: invalid start byte,"{'image_loading': 0.006322622299194336, 'message_generation': 0.0, 'compression': 0.0, 'encryption': 0.10714435577392578, 'embedding': 0.12465643882751465, 'quality_analysis': 0.008719682693481445, 'extraction': 0.1266021728515625}","(256, 256, 3)",196608,2500,4.419990944489446,1391,1407,2802,0.8922198429693077,-0.12080000000000002,3776,1006,3808,0.019368489583333332,43.8125382561557,2.7029622395833335,7.0,0.48133039474487305,"[43.76649034987275, 43.848181925561335, 43.82294249303301]",0.03415225217922922,,,
20260118_132628,2026-01-18T13:27:20.196924,house_256_5000_DWT_DCT_color,house,256,256x256,5000,DWT_DCT_color,3,22118,0.22606022244325888,False,Decryption failed: 'utf-8' codec can't decode byte 0xcb in position 433: invalid continuation byte,"{'image_loading': 0.004346132278442383, 'message_generation': 0.0, 'compression': 0.0, 'encryption': 0.11281228065490723, 'embedding': 0.20193886756896973, 'quality_analysis': 0.0, 'extraction': 0.18490195274353027}","(256, 256, 3)",196608,5000,4.420564542645487,2780,1419,4203,1.1896264572924102,0.1594,5920,1749,5952,0.0302734375,42.06329181407571,4.04345703125,9.0,0.6167287826538086,"[42.059147228442, 42.07959654743952, 42.051131666345604]",0.011984588895162256,,,
20260118_132628,2026-01-18T13:27:20.813653,house_256_10000_DWT_DCT_color,house,256,256x256,10000,DWT_DCT_color,3,22118,0.45212044488651776,True,,"{'image_loading': 0.006043910980224609, 'message_generation': 0.0008101463317871094, 'compression': 0.005681514739990234, 'encryption': 0.11057043075561523, 'embedding': 0.3288545608520508, 'quality_analysis': 0.0, 'extraction': 0.3317084312438965, 'decryption_decompression': 0.12110662460327148}","(256, 256, 3)",196608,10000,4.4195894502073365,5558,1431,6993,1.43000143000143,0.30069999999999997,10192,3231,10224,0.052001953125,39.85024192589335,6.730672200520833,10.0,0.9047756195068359,"[39.85450748088595, 39.86490752729572, 39.83131076949839]",0.014043545449050631,True,0.0,1.0
20260118_132628,2026-01-18T13:27:21.718429,lena_512_10_DWT_DCT_grayscale,lena,512,512x512,10,DWT_DCT_grayscale,1,29491,0.0003390865009663965,False,Decryption failed: Padding is incorrect.,"{'image_loading': 0.012308359146118164, 'message_generation': 0.0, 'compression': 0.0, 'encryption': 0.09976887702941895, 'embedding': 0.09022712707519531, 'quality_analysis': 0.012559175491333008, 'extraction': 0.06386423110961914}","(512, 512)",262144,10,3.121928094887362,5,448,457,0.02188183807439825,-44.7,528,103,560,0.00213623046875,56.62796906382761,0.14134597778320312,3.0,0.38129329681396484,,,,,
20260118_132628,2026-01-18T13:27:22.099722,lena_512_25_DWT_DCT_grayscale,lena,512,512x512,25,DWT_DCT_grayscale,1,29491,0.0008477162524159913,False,Decryption failed: Padding is incorrect.,"{'image_loading': 0.012825250625610352, 'message_generation': 0.0, 'compression': 0.0, 'encryption': 0.1012258529663086, 'embedding': 0.09192204475402832, 'quality_analysis': 0.00899505615234375, 'extraction': 0.08092689514160156}","(512, 512)",262144,25,3.753269689515107,13,718,735,0.034013605442176874,-28.4,848,145,880,0.00335693359375,54.585729132014094,0.22620773315429688,2.0,0.39739370346069336,,,,,
20260118_132628,2026-01-18T13:27:22.497115,lena_512_50_DWT_DCT_grayscale,lena,512,512x512,50,DWT_DCT_grayscale,1,29491,0.0016954325048319826,False,Decryption failed: Padding is incorrect.,"{'image_loading': 0.005547046661376953, 'message_generation': 0.0, 'compression': 0.008248090744018555, 'encryption': 0.10210013389587402, 'embedding': 0.09955883026123047, 'quality_analysis': 0.0026655197143554688, 'extraction': 0.08309102058410645}","(512, 512)",262144,50,4.063144940981576,27,943,974,0.0513347022587269,-18.48,1136,194,1168,0.00445556640625,53.39570225437291,0.297515869140625,3.0,0.4122195243835449,,,,,
20260118_132628,2026-01-18T13:27:22.909335,lena_512_100_DWT_DCT_grayscale,lena,512,512x512,100,DWT_DCT_grayscale,1,29491,0.0033908650096639652,False,Decryption failed: Padding is incorrect.,"{'image_loading': 0.010603904724121094, 'message_generation': 0.0, 'compression': 0.0, 'encryption': 0.11368918418884277, 'embedding': 0.11292243003845215, 'quality_analysis': 0.0041353702545166016, 'extraction': 0.08551025390625}","(512, 512)",262144,100,4.172990526954634,54,1078,1136,0.0880281690140845,-10.36,1328,224,1360,0.00518798828125,52.867084634524026,0.3360252380371094,3.0,0.4401681423187256,,,,,
20260118_132628,2026-01-18T13:27:23.356627,lena_512_250_DWT_DCT_grayscale,lena,512,512x512,250,DWT_DCT_grayscale,1,29491,0.008477162524159913,False,Decryption failed: Padding is incorrect.,"{'image_loading': 0.008010625839233398, 'message_generation': 0.0, 'compression': 0.0, 'encryption': 0.0989382266998291, 'embedding': 0.1382579803466797, 'quality_analysis': 0.0, 'extraction': 0.11217236518859863}","(512, 512)",262144,250,4.410014710941875,140,1393,1537,0.16265452179570591,-5.148,1824,319,1856,0.007080078125,51.76467567911952,0.4331245422363281,3.0,0.48990654945373535,,,,,
20260118_132628,2026-01-18T13:27:23.850064,lena_512_500_DWT_DCT_grayscale,lena,512,512x512,500,DWT_DCT_grayscale,1,29491,0.016954325048319827,False,Decryption failed: Padding is incorrect.,"{'image_loading': 0.012499809265136719, 'message_generation': 0.0021867752075195312, 'compression': 0.0005528926849365234, 'encryption': 0.11645293235778809, 'embedding': 0.13757085800170898, 'quality_analysis': 0.0, 'extraction': 0.09675407409667969}","(512, 512)",262144,500,4.397582645859516,278,1395,1677,0.2981514609421586,-2.354,2032,387,2064,0.00787353515625,51.23864395402852,0.4888954162597656,4.0,0.4760615825653076,,,,,
20260118_132628,2026-01-18T13:27:24.330953,lena_512_1000_DWT_DCT_grayscale,lena,512,512x512,1000,DWT_DCT_grayscale,1,29491,0.03390865009663965,False,Decryption failed: Padding is incorrect.,"{'image_loading': 0.003592252731323242, 'message_generation': 0.0, 'compression': 0.0, 'encryption': 0.11412358283996582, 'embedding': 0.14802932739257812, 'quality_analysis': 0.0033767223358154297, 'extraction': 0.11239814758300781}","(512, 512)",262144,1000,4.408307615031233,556,1398,1958,0.5107252298263534,-0.958,2480,554,2512,0.00958251953125,49.924384671270595,0.6616706848144531,5.0,0.4857320785522461,,,,,
20260118_132628,2026-01-18T13:27:24.816685,lena_512_2500_DWT_DCT_grayscale,lena,512,512x512,2500,DWT_DCT_grayscale,1,29491,0.08477162524159913,False,Decryption failed: Padding is incorrect.,"{'image_loading': 0.016706466674804688, 'message_generation': 0.0, 'compression': 0.0020079612731933594, 'encryption': 0.11073422431945801, 'embedding': 0.1970655918121338, 'quality_analysis': 0.003303050994873047, 'extraction': 0.15112590789794922}","(512, 512)",262144,2500,4.419990944489446,1391,1407,2802,0.8922198429693077,-0.12080000000000002,3776,1006,3808,0.0145263671875,47.51932706846071,1.1511917114257812,5.0,0.5931534767150879,,,,,
20260118_132628,2026-01-18T13:27:25.409838,lena_512_5000_DWT_DCT_grayscale,lena,512,512x512,5000,DWT_DCT_grayscale,1,29491,0.16954325048319827,False,Decryption failed: Padding is incorrect.,"{'image_loading': 0.009134054183959961, 'message_generation': 0.0, 'compression': 0.0021545886993408203, 'encryption': 0.09881949424743652, 'embedding': 0.24914908409118652, 'quality_analysis': 0.009207725524902344, 'extraction': 0.19764995574951172}","(512, 512)",262144,5000,4.420564542645487,2780,1419,4203,1.1896264572924102,0.1594,5920,1749,5952,0.022705078125,45.234807878729185,1.9480476379394531,6.0,0.6861698627471924,,,,,
20260118_132628,2026-01-18T13:27:26.096008,lena_512_10000_DWT_DCT_grayscale,lena,512,512x512,10000,DWT_DCT_grayscale,1,29491,0.33908650096639653,False,Decryption failed: Padding is incorrect.,"{'image_loading': 0.0, 'message_generation': 0.0, 'compression': 0.014104366302490234, 'encryption': 0.10376477241516113, 'embedding': 0.3775801658630371, 'quality_analysis': 0.004850864410400391, 'extraction': 0.3356037139892578}","(512, 512)",262144,10000,4.4195894502073365,5558,1431,6993,1.43000143000143,0.30069999999999997,10192,3231,10224,0.03900146484375,42.60897397850429,3.5660133361816406,8.0,0.9868156909942627,,,,,
20260118_132628,2026-01-18T13:27:27.082823,lena_512_10_DWT_DCT_color,lena,512,512x512,10,DWT_DCT_color,3,88473,0.0001130288336554655,False,Decryption failed: Padding is incorrect.,"{'image_loading': 0.013370752334594727, 'message_generation': 0.0, 'compression': 0.0004200935363769531, 'encryption': 0.10008430480957031, 'embedding': 0.10592198371887207, 'quality_analysis': 0.028486013412475586, 'extraction': 0.06477141380310059}","(512, 512, 3)",786432,10,3.121928094887362,5,448,457,0.02188183807439825,-44.7,528,103,560,0.0007120768229166666,50.91414760880068,0.5268351236979166,6.0,0.419844388961792,"[50.88230713824916, 50.909362950283814, 50.95077273786909]",0.028154979437290145,,,
20260118_132628,2026-01-18T13:27:27.504885,lena_512_25_DWT_DCT_color,lena,512,512x512,25,DWT_DCT_color,3,88473,0.0002825720841386638,False,Decryption failed: Padding is incorrect.,"{'image_loading': 0.011766672134399414, 'message_generation': 0.0, 'compression': 0.0, 'encryption': 0.11243820190429688, 'embedding': 0.12000012397766113, 'quality_analysis': 0.021854400634765625, 'extraction': 0.08555436134338379}","(512, 512, 3)",786432,25,3.753269689515107,13,718,735,0.034013605442176874,-28.4,848,145,880,0.0011189778645833333,50.724627687461975,0.5503336588541666,10.0,0.4505600929260254,"[50.71812549850141, 50.76065634631634, 50.695101217568165]",0.02715483471080274,,,
20260118_132628,2026-01-18T13:27:27.955445,lena_512_50_DWT_DCT_color,lena,512,512x512,50,DWT_DCT_color,3,88473,0.0005651441682773276,False,Decryption failed: Padding is incorrect.,"{'image_loading': 0.00856161117553711, 'message_generation': 0.0, 'compression': 0.0, 'encryption': 0.10447883605957031, 'embedding': 0.12174344062805176, 'quality_analysis': 0.02331829071044922, 'extraction': 0.08182263374328613}","(512, 512, 3)",786432,50,4.063144940981576,27,943,974,0.0513347022587269,-18.48,1136,194,1168,0.0014851888020833333,50.54826460715015,0.5731404622395834,15.0,0.46756911277770996,"[50.583174409313855, 50.53541614056943, 50.52620327156717]",0.02496984787224902,,,
20260118_132628,2026-01-18T13:27:28.429169,lena_512_100_DWT_DCT_color,lena,512,512x512,100,DWT_DCT_color,3,88473,0.0011302883365546551,False,Decryption failed: Padding is incorrect.,"{'image_loading': 0.002938508987426758, 'message_generation': 0.0, 'compression': 0.0, 'encryption': 0.11166048049926758, 'embedding': 0.15105700492858887, 'quality_analysis': 0.02289748191833496, 'extraction': 0.09620451927185059}","(512, 512, 3)",786432,100,4.172990526954634,54,1078,1136,0.0880281690140845,-10.36,1328,224,1360,0.0017293294270833333,50.43094867854044,0.5888264973958334,18.0,0.4913914203643799,"[50.41311000426823, 50.438289173034505, 50.44144685831859]",0.012679549648439006,,,
20260118_132628,2026-01-18T13:27:28.920561,lena_512_250_DWT_DCT_color,lena,512,512x512,250,DWT_DCT_color,3,88473,0.0028257208413866378,False,Decryption failed: Padding is incorrect.,"{'image_loading': 0.009657621383666992, 'message_generation': 0.0, 'compression': 0.0, 'encryption': 0.11164546012878418, 'embedding': 0.15334653854370117, 'quality_analysis': 0.02983856201171875, 'extraction': 0.1073296070098877}","(512, 512, 3)",786432,250,4.410014710941875,140,1393,1537,0.16265452179570591,-5.148,1824,319,1856,0.0023600260416666665,50.17204410456415,0.6250813802083334,24.0,0.5261929035186768,"[50.11051981904609, 50.13147799512638, 50.27413449951999]",0.07269409807695036,,,
20260118_132628,2026-01-18T13:27:29.446754,lena_512_500_DWT_DCT_color,lena,512,512x512,500,DWT_DCT_color,3,88473,0.0056514416827732755,False,Decryption failed: Padding is incorrect.,"{'image_loading': 0.0, 'message_generation': 0.0, 'compression': 0.0, 'encryption': 0.11720514297485352, 'embedding': 0.1622314453125, 'quality_analysis': 0.02712845802307129, 'extraction': 0.12630248069763184}","(512, 512, 3)",786432,500,4.397582645859516,278,1395,1677,0.2981514609421586,-2.354,2032,387,2064,0.00262451171875,50.005166643133805,0.6494954427083334,29.0,0.5350456237792969,"[50.050306873958775, 49.97305514806896, 49.9921379073737]",0.032855930513570754,,,
20260118_132628,2026-01-18T13:27:29.981799,lena_512_1000_DWT_DCT_color,lena,512,512x512,1000,DWT_DCT_color,3,88473,0.011302883365546551,False,Decryption failed: Padding is incorrect.,"{'image_loading': 0.015418529510498047, 'message_generation': 0.0, 'compression': 0.0, 'encryption': 0.1018226146697998, 'embedding': 0.19227862358093262, 'quality_analysis': 0.025091171264648438, 'extraction': 0.13808798789978027}","(512, 512, 3)",786432,1000,4.408307615031233,556,1398,1958,0.5107252298263534,-0.958,2480,554,2512,0.0031941731770833335,49.72443154180286,0.69287109375,33.0,0.5807297229766846,"[49.76424992487899, 49.676340797527075, 49.7327039030025]",0.03636232150460885,,,
20260118_132628,2026-01-18T13:27:30.564851,lena_512_2500_DWT_DCT_color,lena,512,512x512,2500,DWT_DCT_color,3,88473,0.028257208413866378,False,Decryption failed: Padding is incorrect.,"{'image_loading': 0.043946027755737305, 'message_generation': 0.002010345458984375, 'compression': 0.0026853084564208984, 'encryption': 0.13959431648254395, 'embedding': 0.22193408012390137, 'quality_analysis': 0.021473169326782227, 'extraction': 0.20528936386108398}","(512, 512, 3)",786432,2500,4.419990944489446,1391,1407,2802,0.8922198429693077,-0.12080000000000002,3776,1006,3808,0.004842122395833333,48.86158822603554,0.84515380859375,48.0,0.7464895248413086,"[48.901778440633024, 48.81620503693027, 48.86678120054336]",0.03512764432274236,,,
20260118_132628,2026-01-18T13:27:31.312847,lena_512_5000_DWT_DCT_color,lena,512,512x512,5000,DWT_DCT_color,3,88473,0.056514416827732755,False,Decryption failed: Padding is incorrect.,"{'image_loading': 0.0050334930419921875, 'message_generation': 0.0, 'compression': 0.008083343505859375, 'encryption': 0.128190279006958, 'embedding': 0.30068063735961914, 'quality_analysis': 0.026595115661621094, 'extraction': 0.2382211685180664}","(512, 512, 3)",786432,5000,4.420564542645487,2780,1419,4203,1.1896264572924102,0.1594,5920,1749,5952,0.007568359375,47.643545372363924,1.1187337239583333,61.0,0.8181416988372803,"[47.650966769048644, 47.648593964083844, 47.63107538395929]",0.008870663596335784,,,
20260118_132628,2026-01-18T13:27:32.135005,lena_512_10000_DWT_DCT_color,lena,512,512x512,10000,DWT_DCT_color,3,88473,0.11302883365546551,False,[Errno 22] Invalid argument,"{'image_loading': 0.013753890991210938, 'message_generation': 0.004914045333862305, 'compression': 0.004060029983520508, 'encryption': 0.09635329246520996}","(512, 512, 3)",786432,10000,4.4195894502073365,5558,1431,6993,1.43000143000143,0.30069999999999997,10192,3231,10224,0.01300048828125,,,,0.2153623104095459,,,,,
20260118_132628,2026-01-18T13:27:32.355594,lena_512_25000_DWT_DCT_color,lena,512,512x512,25000,DWT_DCT_color,3,88473,0.28257208413866375,False,Decryption failed: 'utf-8' codec can't decode byte 0xf1 in position 289: invalid continuation byte,"{'image_loading': 0.008207321166992188, 'message_generation': 0.0, 'compression': 0.015789270401000977, 'encryption': 0.10757923126220703, 'embedding': 0.8365776538848877, 'quality_analysis': 0.024791717529296875, 'extraction': 0.7506430149078369}","(512, 512, 3)",786432,25000,4.420845504334001,13897,1442,15343,1.6294075474157597,0.38627999999999996,23008,7697,23040,0.029296875,42.185483462311474,3.936091105143229,59.0,1.8581585884094238,"[42.39021703197973, 42.276533691463534, 41.88969966349116]",0.21423821198401802,,,
20260118_132628,2026-01-18T13:27:34.219783,lena_512_50000_DWT_DCT_color,lena,512,512x512,50000,DWT_DCT_color,3,88473,0.5651441682773275,False,Decryption failed: 'utf-8' codec can't decode byte 0xa2 in position 1538: invalid start byte,"{'image_loading': 0.008288145065307617, 'message_generation': 0.002250194549560547, 'compression': 0.022168397903442383, 'encryption': 0.11954569816589355, 'embedding': 1.5908360481262207, 'quality_analysis': 0.01576066017150879, 'extraction': 1.578368902206421}","(512, 512, 3)",786432,50000,4.420770384568954,27794,1452,29250,1.7094017094017093,0.41500000000000004,44352,15134,44384,0.056437174479166664,39.73544139114299,6.912050882975261,58.0,3.450584650039673,"[39.8436628323429, 39.70276036055784, 39.65990098052825]",0.07849901003905908,,,
20260118_132628,2026-01-18T13:27:37.670367,baboon_512_10_DWT_DCT_grayscale,baboon,512,512x512,10,DWT_DCT_grayscale,1,29491,0.0003390865009663965,False,Decryption failed: Padding is incorrect.,"{'image_loading': 0.01653909683227539, 'message_generation': 0.0, 'compression': 0.006646394729614258, 'encryption': 0.11464428901672363, 'embedding': 0.08798551559448242, 'quality_analysis': 0.0010287761688232422, 'extraction': 0.062001705169677734}","(512, 512)",262144,10,3.121928094887362,5,448,457,0.02188183807439825,-44.7,528,103,560,0.00213623046875,53.39570225437291,0.297515869140625,2.0,0.39271020889282227,,,,,
20260118_132628,2026-01-18T13:27:38.065749,baboon_512_25_DWT_DCT_grayscale,baboon,512,512x512,25,DWT_DCT_grayscale,1,29491,0.0008477162524159913,False,Decryption failed: Padding is incorrect.,"{'image_loading': 0.004522800445556641, 'message_generation': 0.0, 'compression': 0.0, 'encryption': 0.0952908992767334, 'embedding': 0.08745551109313965, 'quality_analysis': 0.017812490463256836, 'extraction': 0.061423540115356445}","(512, 512)",262144,25,3.753269689515107,13,718,735,0.034013605442176874,-28.4,848,145,880,0.00335693359375,51.67559330327437,0.44210052490234375,3.0,0.37036657333374023,,,,,
